Keyword	Url	Position	Title	Description
py4seo	https://py4you.com/courses/python-for-seo/	1	Курс Python для SEO - Онлайн Интенсив 64 часа занятий за ...	7 лет опыта в seo Продвинул в ТОП более 200 проектов. Продвигал сайты, посещаемостью более 500 тысяч в сутки.
Keyword	Url	Position	Title	Description
py4you	http://www.twitterbuttons.biz/stats/endoscopy4you.com	48	endoscopy4you.com | Medical endoscopes rigid & flexible ...	Medical endoscopes rigid & flexible, video otoscope camera and led light source from Medit Inc
python для seo специалиста	https://py4you.com/courses/python-for-seo/	10	Курс Python для SEO - Онлайн Интенсив 64 часа занятий за ...	Python для SEO. Курс Python для SEO специалиста - это курс программирования с практическим уклоном ...
python для seo	https://py4you.com/courses/	10	Курсы Python - Интенсивное обучение программированию	Python для SEO. 300 USD. Курс разработанный специально для SEO специалистов, которые хотят решать ряд собственных задач и сделать лэвэл ап в своей работе.
python for seo	not-found	not-found	not-found	not-found
python seo	not-found	not-found	not-found	not-found
seo python	not-found	not-found	not-found	not-found
курсы по django	not-found	not-found	not-found	not-found
интенсив python	https://py4you.com/courses/python-django/	9	Курс Python Django - Онлайн Интенсив 30 часов занятий за ...	Python Django. Курс посвященный разработке web сайтов на самом популярном Python Web Фрэймворке - Django. Для участия в курсе нужны базовые знания ...
курсы pytho	not-found	not-found	not-found	not-found
курсы django	not-found	not-found	not-found	not-found
django python	not-found	not-found	not-found	not-found
python курсы онлайн	not-found	not-found	not-found	not-found
курс python	not-found	not-found	not-found	not-found
уроки python	not-found	not-found	not-found	not-found
seo with python	not-found	not-found	not-found	not-found
python курс	not-found	not-found	not-found	not-found
python and seo	not-found	not-found	not-found	not-found
разработка по	not-found	not-found	not-found	not-found
django python уроки	not-found	not-found	not-found	not-found
django курс	https://py4you.com/courses/python-django/	41	Курс Python Django - Онлайн Интенсив 30 часов занятий за ...	Python Django. Курс посвященный разработке web сайтов на самом популярном Python Web Фрэймворке - Django. Для участия в курсе нужны базовые знания ...
курс django	not-found	not-found	not-found	not-found
django курсы	not-found	not-found	not-found	not-found
курс по django	not-found	not-found	not-found	not-found
питон онлайн программа	not-found	not-found	not-found	not-found
python задачи онлайн	not-found	not-found	not-found	not-found
