Keyword	Keyword Symbols	Keyword Words
открытие файла	14	2
режим работы с файлом	21	4
чтение файла	12	2
запись в файл	13	3
огромные файлы	14	2
поиск по файлу	14	3
Append to file	14	3
библиотека csv	14	2
сери ализация Json и Pickle	26	4
открытие файла	14	2
режим работы с файлом	21	4
чтение файла	12	2
запись в файл	13	3
огромные файлы	14	2
поиск по файлу	14	3
библиотека csv	14	2
сериализация Json и Pickle	26	4
открытие файла	14	2
режим работы с файлом	21	4
чтение файла	12	2
запись в файл	13	3
огромные файлы	14	2
поиск по файлу	14	3
библиотека csv	14	2
сериализация Json и Pickle	26	4
открытие файла	14	2
режим работы с файлом	21	4
чтение файла	12	2
запись в файл	13	3
огромные файлы	14	2
поиск по файлу	14	3
библиотека csv	14	2
сериализация Json и Pickle	26	4
открытие файла	14	2
режим работы с файлом	21	4
чтение файла	12	2
запись в файл	13	3
огромные файлы	14	2
поиск по файлу	14	3
библиотека csv	14	2
сериализация Json и Pickle	26	4
открытие файла	14	2
режим работы с файлом	21	4
чтение файла	12	2
запись в файл	13	3
огромные файлы	14	2
поиск по файлу	14	3
библиотека csv	14	2
сериализация Json и Pickle	26	4
открытие файла	14	2
режим работы с файлом	21	4
чтение файла	12	2
запись в файл	13	3
огромные файлы	14	2
поиск по файлу	14	3
библиотека csv	14	2
сериализация Json и Pickle	26	4
открытие файла	14	2
режим работы с файлом	21	4
чтение файла	12	2
запись в файл	13	3
огромные файлы	14	2
поиск по файлу	14	3
библиотека csv	14	2
сериализация Json и Pickle	26	4
открытие файла	14	2
режим работы с файлом	21	4
чтение файла	12	2
запись в файл	13	3
огромные файлы	14	2
поиск по файлу	14	3
библиотека csv	14	2
сериализация Json и Pickle	26	4
открытие файла	14	2
режим работы с файлом	21	4
чтение файла	12	2
запись в файл	13	3
огромные файлы	14	2
поиск по файлу	14	3
библиотека csv	14	2
сериализация Json и Pickle	26	4
открытие файла	14	2
режим работы с файлом	21	4
чтение файла	12	2
запись в файл	13	3
огромные файлы	14	2
поиск по файлу	14	3
библиотека csv	14	2
сериализация Json и Pickle	26	4
открытие файла	14	2
режим работы с файлом	21	4
чтение файла	12	2
запись в файл	13	3
огромные файлы	14	2
поиск по файлу	14	3
библиотека csv	14	2
сериализация Json и Pickle	26	4
открытие файла	14	2
режим работы с файлом	21	4
чтение файла	12	2
запись в файл	13	3
огромные файлы	14	2
поиск по файлу	14	3
библиотека csv	14	2
сериализация Json и Pickle	26	4
